Year, Month, Monthly_MSL, Linear_Trend, High_Conf., Low_Conf.
1948,1,-0.001,0.007,0.056,-0.043
1948,2,-0.019,0.006,0.056,-0.043
1948,3,-0.014,0.006,0.056,-0.043
1948,4,0.056,0.006,0.056,-0.043
1948,5,0.068,0.006,0.055,-0.043
1948,6,0.060,0.006,0.055,-0.043
1948,7,-0.006,0.006,0.055,-0.043
1948,8,0.047,0.006,0.055,-0.043
1948,9,0.065,0.006,0.055,-0.042
1948,10,-0.090,0.006,0.054,-0.042
1948,11,-0.026,0.006,0.054,-0.042
1948,12,0.036,0.006,0.054,-0.042
1949,1,-0.038,0.006,0.054,-0.042
1949,2,-0.031,0.006,0.054,-0.042
1949,3,-0.033,0.006,0.053,-0.042
1949,4,-0.027,0.006,0.053,-0.042
1949,5,-0.033,0.006,0.053,-0.042
1949,6,-0.007,0.005,0.053,-0.042
1949,7,0.006,0.005,0.053,-0.042
1949,8,0.050,0.005,0.052,-0.042
1949,9,0.078,0.005,0.052,-0.042
1949,10,0.063,0.005,0.052,-0.042
1949,11,0.016,0.005,0.052,-0.041
1949,12,0.125,0.005,0.052,-0.041
1950,1,0.133,0.005,0.051,-0.041
1950,2,0.113,0.005,0.051,-0.041
1950,3,0.111,0.005,0.051,-0.041
1950,4,0.093,0.005,0.051,-0.041
1950,5,0.092,0.005,0.051,-0.041
1950,6,0.032,0.005,0.050,-0.041
1950,7,0.009,0.005,0.050,-0.041
1950,8,-0.054,0.005,0.050,-0.041
1950,9,-0.044,0.004,0.050,-0.041
1950,10,-0.068,0.004,0.050,-0.041
1950,11,-0.048,0.004,0.049,-0.041
1950,12,-0.052,0.004,0.049,-0.041
1951,1,-0.080,0.004,0.049,-0.041
1951,2,-0.101,0.004,0.049,-0.040
1951,3,-0.042,0.004,0.049,-0.040
1951,4,-0.012,0.004,0.048,-0.040
1951,5,0.010,0.004,0.048,-0.040
1951,6,0.008,0.004,0.048,-0.040
1951,7,-0.018,0.004,0.048,-0.040
1951,8,0.001,0.004,0.048,-0.040
1951,9,0.001,0.004,0.047,-0.040
1951,10,0.020,0.004,0.047,-0.040
1951,11,-0.008,0.004,0.047,-0.040
1951,12,-0.021,0.003,0.047,-0.040
1952,1,0.002,0.003,0.047,-0.040
1952,2,0.004,0.003,0.046,-0.040
1952,3,0.028,0.003,0.046,-0.040
1952,4,0.001,0.003,0.046,-0.040
1952,5,-0.024,0.003,0.046,-0.040
1952,6,-0.013,0.003,0.046,-0.039
1952,7,-0.030,0.003,0.045,-0.039
1952,8,0.001,0.003,0.045,-0.039
1952,9,-0.050,0.003,0.045,-0.039
1952,10,0.020,0.003,0.045,-0.039
1952,11,0.029,0.003,0.045,-0.039
1952,12,0.024,0.003,0.045,-0.039
1953,1,0.039,0.003,0.044,-0.039
1953,2,0.046,0.003,0.044,-0.039
1953,3,0.044,0.003,0.044,-0.039
1953,4,0.047,0.002,0.044,-0.039
1953,5,0.022,0.002,0.044,-0.039
1953,6,0.054,0.002,0.043,-0.039
1953,7,0.082,0.002,0.043,-0.039
1953,8,0.083,0.002,0.043,-0.039
1953,9,0.078,0.002,0.043,-0.039
1953,10,0.087,0.002,0.043,-0.039
1953,11,0.141,0.002,0.042,-0.038
1953,12,0.122,0.002,0.042,-0.038
1954,1,0.100,0.002,0.042,-0.038
1954,2,0.129,0.002,0.042,-0.038
1954,3,0.114,0.002,0.042,-0.038
1954,4,0.129,0.002,0.042,-0.038
1954,5,0.064,0.002,0.041,-0.038
1954,6,0.041,0.002,0.041,-0.038
1954,7,-0.003,0.001,0.041,-0.038
1954,8,0.028,0.001,0.041,-0.038
1954,9,-0.005,0.001,0.041,-0.038
1954,10,-0.007,0.001,0.040,-0.038
1954,11,0.004,0.001,0.040,-0.038
1954,12,0.003,0.001,0.040,-0.038
1955,1,-0.031,0.001,0.040,-0.038
1955,2,0.043,0.001,0.040,-0.038
1955,3,0.028,0.001,0.039,-0.038
1955,4,0.017,0.001,0.039,-0.037
1955,5,0.010,0.001,0.039,-0.037
1955,6,-0.013,0.001,0.039,-0.037
1955,7,-0.018,0.001,0.039,-0.037
1955,8,0.007,0.001,0.039,-0.037
1955,9,0.044,0.001,0.038,-0.037
1955,10,0.017,0.001,0.038,-0.037
1955,11,0.044,0.000,0.038,-0.037
1955,12,0.061,0.000,0.038,-0.037
1956,1,0.036,0.000,0.038,-0.037
1956,2,0.046,0.000,0.037,-0.037
1956,3,0.019,0.000,0.037,-0.037
1956,4,0.032,0.000,0.037,-0.037
1956,5,0.000,0.000,0.037,-0.037
1956,6,-0.062,0.000,0.037,-0.037
1956,7,-0.097,0.000,0.037,-0.037
1956,8,-0.081,0.000,0.036,-0.037
1956,9,-0.121,0.000,0.036,-0.037
1956,10,-0.099,0.000,0.036,-0.037
1956,11,-0.066,0.000,0.036,-0.037
1956,12,-0.049,0.000,0.036,-0.036
1957,1,0.042,0.000,0.035,-0.036
1957,2,0.052,-0.001,0.035,-0.036
1957,3,0.028,-0.001,0.035,-0.036
1957,4,0.017,-0.001,0.035,-0.036
1957,5,-0.027,-0.001,0.035,-0.036
1957,6,-0.029,-0.001,0.035,-0.036
1957,7,0.018,-0.001,0.034,-0.036
1957,8,0.031,-0.001,0.034,-0.036
1957,9,0.041,-0.001,0.034,-0.036
1957,10,0.047,-0.001,0.034,-0.036
1957,11,0.016,-0.001,0.034,-0.036
1957,12,-0.006,-0.001,0.034,-0.036
1958,1,-0.053,-0.001,0.033,-0.036
1958,2,-0.052,-0.001,0.033,-0.036
1958,3,-0.087,-0.001,0.033,-0.036
1958,4,-0.079,-0.001,0.033,-0.036
1958,5,-0.094,-0.002,0.033,-0.036
1958,6,-0.117,-0.002,0.033,-0.036
1958,7,-0.067,-0.002,0.032,-0.036
1958,8,-0.008,-0.002,0.032,-0.036
1958,9,-0.057,-0.002,0.032,-0.036
1958,10,-0.041,-0.002,0.032,-0.036
1958,11,-0.041,-0.002,0.032,-0.035
1958,12,-0.113,-0.002,0.031,-0.035
1959,1,-0.184,-0.002,0.031,-0.035
1959,2,-0.107,-0.002,0.031,-0.035
1959,3,-0.078,-0.002,0.031,-0.035
1959,4,-0.015,-0.002,0.031,-0.035
1959,5,-0.009,-0.002,0.031,-0.035
1959,6,-0.013,-0.002,0.030,-0.035
1959,7,-0.012,-0.002,0.030,-0.035
1959,8,-0.008,-0.002,0.030,-0.035
1959,9,0.023,-0.003,0.030,-0.035
1959,10,0.011,-0.003,0.030,-0.035
1959,11,-0.023,-0.003,0.030,-0.035
1959,12,-0.028,-0.003,0.029,-0.035
1960,1,-0.044,-0.003,0.029,-0.035
1960,2,0.007,-0.003,0.029,-0.035
1960,3,-0.036,-0.003,0.029,-0.035
1960,4,0.004,-0.003,0.029,-0.035
1960,5,0.007,-0.003,0.029,-0.035
1960,6,0.020,-0.003,0.029,-0.035
1960,7,-0.015,-0.003,0.028,-0.035
1960,8,0.007,-0.003,0.028,-0.035
1960,9,-0.038,-0.003,0.028,-0.035
1960,10,0.002,-0.003,0.028,-0.035
1960,11,0.019,-0.003,0.028,-0.035
1960,12,-0.006,-0.004,0.028,-0.035
1961,1,-0.013,-0.004,0.027,-0.035
1961,2,-0.013,-0.004,0.027,-0.035
1961,3,0.022,-0.004,0.027,-0.035
1961,4,-0.009,-0.004,0.027,-0.035
1961,5,0.031,-0.004,0.027,-0.034
1961,6,0.060,-0.004,0.027,-0.034
1961,7,0.027,-0.004,0.026,-0.034
1961,8,-0.011,-0.004,0.026,-0.034
1961,9,0.032,-0.004,0.026,-0.034
1961,10,0.054,-0.004,0.026,-0.034
1961,11,0.010,-0.004,0.026,-0.034
1961,12,0.024,-0.004,0.026,-0.034
1962,1,0.078,-0.004,0.026,-0.034
1962,2,0.028,-0.004,0.025,-0.034
1962,3,0.050,-0.005,0.025,-0.034
1962,4,0.105,-0.005,0.025,-0.034
1962,5,0.080,-0.005,0.025,-0.034
1962,6,0.017,-0.005,0.025,-0.034
1962,7,-0.033,-0.005,0.025,-0.034
1962,8,-0.008,-0.005,0.025,-0.034
1962,9,-0.038,-0.005,0.024,-0.034
1962,10,-0.010,-0.005,0.024,-0.034
1962,11,0.013,-0.005,0.024,-0.034
1962,12,0.006,-0.005,0.024,-0.034
1963,1,0.011,-0.005,0.024,-0.034
1963,2,-0.034,-0.005,0.024,-0.034
1963,3,0.068,-0.005,0.024,-0.034
1963,4,0.077,-0.005,0.023,-0.034
1963,5,0.052,-0.005,0.023,-0.034
1963,6,-0.019,-0.005,0.023,-0.034
1963,7,-0.110,-0.006,0.023,-0.034
1963,8,-0.075,-0.006,0.023,-0.034
1963,9,-0.047,-0.006,0.023,-0.034
1963,10,-0.117,-0.006,0.023,-0.034
1963,11,-0.102,-0.006,0.022,-0.034
1963,12,-0.119,-0.006,0.022,-0.034
1964,1,-0.059,-0.006,0.022,-0.034
1964,2,-0.049,-0.006,0.022,-0.034
1964,3,-0.069,-0.006,0.022,-0.034
1964,4,-0.064,-0.006,0.022,-0.034
1964,5,-0.048,-0.006,0.022,-0.034
1964,6,-0.026,-0.006,0.021,-0.034
1964,7,-0.009,-0.006,0.021,-0.034
1964,8,-0.002,-0.006,0.021,-0.034
1964,9,-0.002,-0.006,0.021,-0.034
1964,10,-0.035,-0.007,0.021,-0.034
1964,11,0.013,-0.007,0.021,-0.034
1964,12,0.018,-0.007,0.021,-0.034
1965,1,0.011,-0.007,0.021,-0.034
1965,2,0.065,-0.007,0.020,-0.034
1965,3,0.019,-0.007,0.020,-0.034
1965,4,-0.003,-0.007,0.020,-0.034
1965,5,-0.021,-0.007,0.020,-0.034
1965,6,-0.056,-0.007,0.020,-0.034
1965,7,-0.009,-0.007,0.020,-0.034
1965,8,0.007,-0.007,0.020,-0.034
1965,9,0.007,-0.007,0.020,-0.034
1965,10,-0.020,-0.007,0.019,-0.034
1965,11,-0.063,-0.007,0.019,-0.034
1965,12,-0.052,-0.007,0.019,-0.034
1966,1,-0.047,-0.007,0.019,-0.034
1966,2,-0.046,-0.008,0.019,-0.034
1966,3,-0.051,-0.008,0.019,-0.034
1966,4,-0.055,-0.008,0.019,-0.034
1966,5,-0.027,-0.008,0.019,-0.034
1966,6,-0.038,-0.008,0.019,-0.034
1966,7,-0.040,-0.008,0.018,-0.034
1966,8,-0.017,-0.008,0.018,-0.034
1966,9,0.023,-0.008,0.018,-0.034
1966,10,0.041,-0.008,0.018,-0.034
1966,11,-0.035,-0.008,0.018,-0.034
1966,12,-0.003,-0.008,0.018,-0.034
1967,1,-0.038,-0.008,0.018,-0.034
1967,2,-0.061,-0.008,0.018,-0.034
1967,3,-0.084,-0.008,0.018,-0.034
1967,4,-0.082,-0.008,0.017,-0.034
1967,5,-0.079,-0.009,0.017,-0.034
1967,6,-0.117,-0.009,0.017,-0.034
1967,7,-0.079,-0.009,0.017,-0.034
1967,8,-0.085,-0.009,0.017,-0.035
1967,9,-0.121,-0.009,0.017,-0.035
1967,10,-0.050,-0.009,0.017,-0.035
1967,11,-0.127,-0.009,0.017,-0.035
1967,12,-0.186,-0.009,0.017,-0.035
1968,1,-0.050,-0.009,0.017,-0.035
1968,2,-0.016,-0.009,0.016,-0.035
1968,3,-0.008,-0.009,0.016,-0.035
1968,4,-0.055,-0.009,0.016,-0.035
1968,5,-0.042,-0.009,0.016,-0.035
1968,6,-0.062,-0.009,0.016,-0.035
1968,7,-0.058,-0.009,0.016,-0.035
1968,8,-0.088,-0.010,0.016,-0.035
1968,9,-0.075,-0.010,0.016,-0.035
1968,10,-0.111,-0.010,0.016,-0.035
1968,11,-0.145,-0.010,0.016,-0.035
1968,12,-0.220,-0.010,0.016,-0.035
1969,1,-0.163,-0.010,0.015,-0.035
1969,2,-0.125,-0.010,0.015,-0.035
1969,3,-0.060,-0.010,0.015,-0.035
1969,4,-0.094,-0.010,0.015,-0.035
1969,5,-0.115,-0.010,0.015,-0.035
1969,6,-0.093,-0.010,0.015,-0.035
1969,7,-0.027,-0.010,0.015,-0.035
1969,8,-0.021,-0.010,0.015,-0.035
1969,9,-0.008,-0.010,0.015,-0.036
1969,10,-0.020,-0.010,0.015,-0.036
1969,11,0.062,-0.010,0.015,-0.036
1969,12,0.036,-0.011,0.015,-0.036
1970,1,-0.013,-0.011,0.015,-0.036
1970,2,0.022,-0.011,0.014,-0.036
1970,3,0.034,-0.011,0.014,-0.036
1970,4,-0.012,-0.011,0.014,-0.036
1970,5,0.034,-0.011,0.014,-0.036
1970,6,0.090,-0.011,0.014,-0.036
1970,7,0.079,-0.011,0.014,-0.036
1970,8,0.062,-0.011,0.014,-0.036
1970,9,0.114,-0.011,0.014,-0.036
1970,10,0.130,-0.011,0.014,-0.036
1970,11,0.123,-0.011,0.014,-0.036
1970,12,0.183,-0.011,0.014,-0.036
1971,1,0.139,-0.011,0.014,-0.037
1971,2,0.107,-0.011,0.014,-0.037
1971,3,0.062,-0.012,0.014,-0.037
1971,4,0.056,-0.012,0.014,-0.037
1971,5,0.031,-0.012,0.014,-0.037
1971,6,0.063,-0.012,0.013,-0.037
1971,7,0.092,-0.012,0.013,-0.037
1971,8,0.068,-0.012,0.013,-0.037
1971,9,0.087,-0.012,0.013,-0.037
1971,10,0.093,-0.012,0.013,-0.037
1971,11,0.096,-0.012,0.013,-0.037
1971,12,0.146,-0.012,0.013,-0.037
1972,1,0.072,-0.012,0.013,-0.037
1972,2,0.043,-0.012,0.013,-0.038
1972,3,-0.014,-0.012,0.013,-0.038
1972,4,-0.061,-0.012,0.013,-0.038
1972,5,-0.076,-0.012,0.013,-0.038
1972,6,-0.117,-0.012,0.013,-0.038
1972,7,-0.134,-0.013,0.013,-0.038
1972,8,-0.209,-0.013,0.013,-0.038
1972,9,-0.300,-0.013,0.013,-0.038
1972,10,-0.431,-0.013,0.013,-0.038
1972,11,-0.279,-0.013,0.013,-0.038
1972,12,-0.213,-0.013,0.013,-0.038
1973,1,-0.169,-0.013,0.013,-0.038
1973,2,-0.202,-0.013,0.013,-0.039
1973,3,-0.200,-0.013,0.013,-0.039
1973,4,-0.091,-0.013,0.012,-0.039
1973,5,-0.048,-0.013,0.012,-0.039
1973,6,0.011,-0.013,0.012,-0.039
1973,7,0.024,-0.013,0.012,-0.039
1973,8,0.047,-0.013,0.012,-0.039
1973,9,0.075,-0.013,0.012,-0.039
1973,10,0.118,-0.014,0.012,-0.039
1973,11,0.126,-0.014,0.012,-0.039
1973,12,0.100,-0.014,0.012,-0.040
1974,1,0.106,-0.014,0.012,-0.040
1974,2,0.095,-0.014,0.012,-0.040
1974,3,0.031,-0.014,0.012,-0.040
1974,4,0.013,-0.014,0.012,-0.040
1974,5,-0.021,-0.014,0.012,-0.040
1974,6,-0.080,-0.014,0.012,-0.040
1974,7,-0.094,-0.014,0.012,-0.040
1974,8,-0.115,-0.014,0.012,-0.040
1974,9,-0.111,-0.014,0.012,-0.041
1974,10,-0.017,-0.014,0.012,-0.041
1974,11,-0.093,-0.014,0.012,-0.041
1974,12,-0.082,-0.014,0.012,-0.041
1975,1,-0.019,-0.015,0.012,-0.041
1975,2,0.007,-0.015,0.012,-0.041
1975,3,0.019,-0.015,0.012,-0.041
1975,4,-0.003,-0.015,0.012,-0.041
1975,5,0.028,-0.015,0.012,-0.041
1975,6,0.069,-0.015,0.012,-0.042
1975,7,0.076,-0.015,0.012,-0.042
1975,8,,-0.015,0.012,-0.042
1975,9,,-0.015,0.012,-0.042
1975,10,0.099,-0.015,0.012,-0.042
1975,11,,-0.015,0.012,-0.042
1975,12,,-0.015,0.012,-0.042
1976,1,,-0.015,0.012,-0.042
1976,2,,-0.015,0.012,-0.043
1976,3,,-0.015,0.012,-0.043
1976,4,0.056,-0.015,0.012,-0.043
1976,5,,-0.016,0.012,-0.043
1976,6,,-0.016,0.012,-0.043
1976,7,,-0.016,0.012,-0.043
1976,8,,-0.016,0.012,-0.043
1976,9,,-0.016,0.012,-0.043
1976,10,,-0.016,0.012,-0.044
1976,11,,-0.016,0.012,-0.044
1976,12,0.021,-0.016,0.012,-0.044
1977,1,0.033,-0.016,0.012,-0.044
1977,2,0.042,-0.016,0.012,-0.044
1977,3,0.050,-0.016,0.012,-0.044
1977,4,0.044,-0.016,0.012,-0.044
1977,5,0.013,-0.016,0.012,-0.045
1977,6,-0.001,-0.016,0.012,-0.045
1977,7,-0.021,-0.016,0.012,-0.045
1977,8,-0.005,-0.017,0.012,-0.045
1977,9,0.062,-0.017,0.012,-0.045
1977,10,0.032,-0.017,0.012,-0.045
1977,11,-0.060,-0.017,0.012,-0.045
1977,12,-0.045,-0.017,0.012,-0.045
1978,1,-0.041,-0.017,0.012,-0.046
1978,2,-0.024,-0.017,0.012,-0.046
1978,3,-0.066,-0.017,0.012,-0.046
1978,4,-0.051,-0.017,0.012,-0.046
1978,5,-0.003,-0.017,0.012,-0.046
1978,6,-0.035,-0.017,0.012,-0.046
1978,7,0.018,-0.017,0.012,-0.046
1978,8,0.037,-0.017,0.012,-0.047
1978,9,0.023,-0.017,0.012,-0.047
1978,10,0.057,-0.017,0.012,-0.047
1978,11,0.050,-0.018,0.012,-0.047
1978,12,-0.024,-0.018,0.012,-0.047
1979,1,-0.047,-0.018,0.012,-0.047
1979,2,-0.119,-0.018,0.012,-0.048
1979,3,-0.075,-0.018,0.012,-0.048
1979,4,-0.052,-0.018,0.012,-0.048
1979,5,-0.051,-0.018,0.012,-0.048
1979,6,-0.029,-0.018,0.012,-0.048
1979,7,0.031,-0.018,0.012,-0.048
1979,8,-0.008,-0.018,0.012,-0.048
1979,9,-0.038,-0.018,0.012,-0.049
1979,10,-0.023,-0.018,0.012,-0.049
1979,11,0.016,-0.018,0.012,-0.049
1979,12,-0.024,-0.018,0.012,-0.049
1980,1,-0.044,-0.018,0.012,-0.049
1980,2,-0.046,-0.018,0.012,-0.049
1980,3,-0.026,-0.019,0.012,-0.049
1980,4,0.026,-0.019,0.012,-0.050
1980,5,-0.003,-0.019,0.012,-0.050
1980,6,-0.004,-0.019,0.012,-0.050
1980,7,-0.006,-0.019,0.013,-0.050
1980,8,0.022,-0.019,0.013,-0.050
1980,9,-0.005,-0.019,0.013,-0.050
1980,10,-0.007,-0.019,0.013,-0.051
1980,11,0.029,-0.019,0.013,-0.051
1980,12,-0.031,-0.019,0.013,-0.051
1981,1,-0.007,-0.019,0.013,-0.051
1981,2,-0.019,-0.019,0.013,-0.051
1981,3,0.007,-0.019,0.013,-0.051
1981,4,-0.030,-0.019,0.013,-0.052
1981,5,-0.015,-0.019,0.013,-0.052
1981,6,-0.001,-0.020,0.013,-0.052
1981,7,0.067,-0.020,0.013,-0.052
1981,8,0.083,-0.020,0.013,-0.052
1981,9,0.059,-0.020,0.013,-0.052
1981,10,0.130,-0.020,0.013,-0.053
1981,11,0.108,-0.020,0.013,-0.053
1981,12,0.036,-0.020,0.013,-0.053
1982,1,0.087,-0.020,0.013,-0.053
1982,2,0.065,-0.020,0.013,-0.053
1982,3,0.038,-0.020,0.013,-0.053
1982,4,0.020,-0.020,0.013,-0.054
1982,5,0.002,-0.020,0.013,-0.054
1982,6,-0.074,-0.020,0.013,-0.054
1982,7,-0.067,-0.020,0.013,-0.054
1982,8,-0.139,-0.020,0.013,-0.054
1982,9,-0.166,-0.020,0.013,-0.054
1982,10,-0.160,-0.021,0.013,-0.055
1982,11,-0.215,-0.021,0.014,-0.055
1982,12,-0.244,-0.021,0.014,-0.055
1983,1,-0.224,-0.021,0.014,-0.055
1983,2,-0.269,-0.021,0.014,-0.055
1983,3,-0.185,-0.021,0.014,-0.055
1983,4,-0.180,-0.021,0.014,-0.056
1983,5,-0.176,-0.021,0.014,-0.056
1983,6,-0.138,-0.021,0.014,-0.056
1983,7,-0.082,-0.021,0.014,-0.056
1983,8,-0.103,-0.021,0.014,-0.056
1983,9,-0.036,-0.021,0.014,-0.057
1983,10,0.011,-0.021,0.014,-0.057
1983,11,0.047,-0.021,0.014,-0.057
1983,12,0.018,-0.021,0.014,-0.057
1984,1,0.045,-0.022,0.014,-0.057
1984,2,0.043,-0.022,0.014,-0.057
1984,3,0.059,-0.022,0.014,-0.058
1984,4,0.093,-0.022,0.014,-0.058
1984,5,0.107,-0.022,0.014,-0.058
1984,6,0.118,-0.022,0.014,-0.058
1984,7,0.101,-0.022,0.014,-0.058
1984,8,0.104,-0.022,0.014,-0.058
1984,9,0.126,-0.022,0.015,-0.059
1984,10,0.108,-0.022,0.015,-0.059
1984,11,0.047,-0.022,0.015,-0.059
1984,12,0.113,-0.022,0.015,-0.059
1985,1,0.063,-0.022,0.015,-0.059
1985,2,0.098,-0.022,0.015,-0.060
1985,3,0.077,-0.022,0.015,-0.060
1985,4,0.105,-0.023,0.015,-0.060
1985,5,-0.006,-0.023,0.015,-0.060
1985,6,-0.041,-0.023,0.015,-0.060
1985,7,-0.037,-0.023,0.015,-0.060
1985,8,-0.027,-0.023,0.015,-0.061
1985,9,-0.023,-0.023,0.015,-0.061
1985,10,-0.004,-0.023,0.015,-0.061
1985,11,-0.008,-0.023,0.015,-0.061
1985,12,0.055,-0.023,0.015,-0.061
1986,1,0.081,-0.023,0.015,-0.062
1986,2,0.034,-0.023,0.015,-0.062
1986,3,-0.042,-0.023,0.015,-0.062
1986,4,-0.035,-0.023,0.016,-0.062
1986,5,-0.018,-0.023,0.016,-0.062
1986,6,0.014,-0.023,0.016,-0.062
1986,7,-0.046,-0.023,0.016,-0.063
1986,8,-0.081,-0.024,0.016,-0.063
1986,9,-0.104,-0.024,0.016,-0.063
1986,10,-0.112,-0.024,0.016,-0.063
1986,11,-0.130,-0.024,0.016,-0.063
1986,12,-0.085,-0.024,0.016,-0.064
1987,1,-0.126,-0.024,0.016,-0.064
1987,2,-0.165,-0.024,0.016,-0.064
1987,3,-0.154,-0.024,0.016,-0.064
1987,4,-0.149,-0.024,0.016,-0.064
1987,5,-0.078,-0.024,0.016,-0.065
1987,6,-0.013,-0.024,0.016,-0.065
1987,7,-0.040,-0.024,0.016,-0.065
1987,8,-0.072,-0.024,0.016,-0.065
1987,9,0.014,-0.024,0.016,-0.065
1987,10,-0.059,-0.024,0.017,-0.065
1987,11,-0.060,-0.025,0.017,-0.066
1987,12,-0.107,-0.025,0.017,-0.066
1988,1,-0.084,-0.025,0.017,-0.066
1988,2,-0.052,-0.025,0.017,-0.066
1988,3,-0.014,-0.025,0.017,-0.066
1988,4,-0.003,-0.025,0.017,-0.067
1988,5,0.000,-0.025,0.017,-0.067
1988,6,0.017,-0.025,0.017,-0.067
1988,7,0.000,-0.025,0.017,-0.067
1988,8,0.001,-0.025,0.017,-0.067
1988,9,0.093,-0.025,0.017,-0.068
1988,10,0.139,-0.025,0.017,-0.068
1988,11,0.132,-0.025,0.017,-0.068
1988,12,0.180,-0.025,0.017,-0.068
1989,1,0.191,-0.025,0.017,-0.068
1989,2,0.138,-0.026,0.018,-0.069
1989,3,0.111,-0.026,0.018,-0.069
1989,4,0.077,-0.026,0.018,-0.069
1989,5,-0.006,-0.026,0.018,-0.069
1989,6,-0.056,-0.026,0.018,-0.069
1989,7,-0.046,-0.026,0.018,-0.069
1989,8,-0.027,-0.026,0.018,-0.070
1989,9,-0.057,-0.026,0.018,-0.070
1989,10,-0.056,-0.026,0.018,-0.070
1989,11,-0.102,-0.026,0.018,-0.070
1989,12,-0.015,-0.026,0.018,-0.070
1990,1,-0.159,-0.026,0.018,-0.071
1990,2,-0.092,-0.026,0.018,-0.071
1990,3,-0.054,-0.026,0.018,-0.071
1990,4,-0.100,-0.026,0.018,-0.071
1990,5,-0.091,-0.026,0.018,-0.071
1990,6,-0.090,-0.027,0.019,-0.072
1990,7,-0.125,-0.027,0.019,-0.072
1990,8,-0.081,-0.027,0.019,-0.072
1990,9,-0.081,-0.027,0.019,-0.072
1990,10,-0.099,-0.027,0.019,-0.072
1990,11,-0.020,-0.027,0.019,-0.073
1990,12,-0.085,-0.027,0.019,-0.073
1991,1,-0.095,-0.027,0.019,-0.073
1991,2,-0.101,-0.027,0.019,-0.073
1991,3,-0.078,-0.027,0.019,-0.073
1991,4,-0.143,-0.027,0.019,-0.074
1991,5,-0.222,-0.027,0.019,-0.074
1991,6,-0.108,-0.027,0.019,-0.074
1991,7,-0.030,-0.027,0.019,-0.074
1991,8,-0.008,-0.027,0.019,-0.074
1991,9,-0.066,-0.028,0.020,-0.075
1991,10,-0.044,-0.028,0.020,-0.075
1991,11,-0.029,-0.028,0.020,-0.075
1991,12,-0.137,-0.028,0.020,-0.075
1992,1,-0.132,-0.028,0.020,-0.075
1992,2,-0.119,-0.028,0.020,-0.076
1992,3,-0.045,-0.028,0.020,-0.076
1992,4,-0.027,-0.028,0.020,-0.076
1992,5,-0.073,-0.028,0.020,-0.076
1992,6,-0.083,-0.028,0.020,-0.076
1992,7,-0.122,-0.028,0.020,-0.077
1992,8,-0.066,-0.028,0.020,-0.077
1992,9,-0.102,-0.028,0.020,-0.077
1992,10,-0.065,-0.028,0.020,-0.077
1992,11,-0.093,-0.028,0.021,-0.077
1992,12,-0.122,-0.028,0.021,-0.078
1993,1,-0.059,-0.029,0.021,-0.078
1993,2,-0.102,-0.029,0.021,-0.078
1993,3,-0.109,-0.029,0.021,-0.078
1993,4,-0.096,-0.029,0.021,-0.078
1993,5,-0.007,-0.029,0.021,-0.079
1993,6,0.025,-0.029,0.021,-0.079
1993,7,0.021,-0.029,0.021,-0.079
1993,8,0.058,0.034,0.111,-0.044
1993,9,0.054,0.034,0.111,-0.043
1993,10,0.034,0.034,0.111,-0.042
1993,11,0.032,0.035,0.111,-0.042
1993,12,0.057,0.035,0.111,-0.041
1994,1,0.048,0.035,0.110,-0.040
1994,2,0.047,0.035,0.110,-0.040
1994,3,0.045,0.036,0.110,-0.039
1994,4,0.035,0.036,0.110,-0.038
1994,5,0.041,0.036,0.110,-0.038
1994,6,0.051,0.037,0.110,-0.037
1994,7,0.087,0.037,0.110,-0.036
1994,8,0.042,0.037,0.110,-0.036
1994,9,0.062,0.038,0.110,-0.035
1994,10,0.023,0.038,0.110,-0.034
1994,11,-0.083,0.038,0.110,-0.034
1994,12,-0.012,0.038,0.110,-0.033
1995,1,-0.046,0.039,0.110,-0.032
1995,2,-0.126,0.039,0.110,-0.032
1995,3,-0.129,0.039,0.110,-0.031
1995,4,-0.094,0.040,0.110,-0.030
1995,5,-0.065,0.040,0.110,-0.029
1995,6,0.016,0.040,0.109,-0.029
1995,7,0.054,0.041,0.109,-0.028
1995,8,0.045,0.041,0.109,-0.028
1995,9,0.045,0.041,0.109,-0.027
1995,10,0.076,0.042,0.109,-0.026
1995,11,0.090,0.042,0.109,-0.026
1995,12,0.101,0.042,0.109,-0.025
1996,1,0.100,0.042,0.109,-0.024
1996,2,0.138,0.043,0.109,-0.024
1996,3,0.113,0.043,0.109,-0.023
1996,4,0.099,0.043,0.109,-0.022
1996,5,0.092,0.044,0.109,-0.022
1996,6,0.097,0.044,0.109,-0.021
1996,7,0.119,0.044,0.109,-0.020
1996,8,0.100,0.045,0.109,-0.020
1996,9,0.097,0.045,0.109,-0.019
1996,10,0.076,0.045,0.109,-0.018
1996,11,0.059,0.046,0.109,-0.018
1996,12,-0.052,0.046,0.109,-0.017
1997,1,-0.038,0.046,0.109,-0.016
1997,2,0.006,0.046,0.109,-0.016
1997,3,0.027,0.047,0.109,-0.015
1997,4,-0.004,0.047,0.109,-0.014
1997,5,-0.087,0.047,0.109,-0.014
1997,6,-0.140,0.048,0.108,-0.013
1997,7,-0.144,0.048,0.108,-0.012
1997,8,-0.145,0.048,0.108,-0.012
1997,9,-0.189,0.049,0.108,-0.011
1997,10,-0.138,0.049,0.108,-0.011
1997,11,-0.160,0.049,0.108,-0.010
1997,12,,0.050,0.108,-0.009
1998,1,,0.050,0.108,-0.009
1998,2,,0.050,0.108,-0.008
1998,3,,0.050,0.108,-0.007
1998,4,,0.051,0.108,-0.007
1998,5,,0.051,0.108,-0.006
1998,6,,0.051,0.108,-0.006
1998,7,,0.052,0.108,-0.005
1998,8,,0.052,0.108,-0.004
1998,9,,0.052,0.108,-0.004
1998,10,,0.053,0.108,-0.003
1998,11,,0.053,0.108,-0.002
1998,12,,0.053,0.108,-0.002
1999,1,,0.054,0.108,-0.001
1999,2,0.177,0.054,0.108,-0.001
1999,3,0.164,0.054,0.108,0.000
1999,4,0.177,0.054,0.108,0.001
1999,5,0.144,0.055,0.108,0.001
1999,6,0.114,0.055,0.108,0.002
1999,7,0.093,0.055,0.108,0.002
1999,8,0.103,0.056,0.108,0.003
1999,9,0.102,0.056,0.108,0.004
1999,10,0.133,0.056,0.108,0.004
1999,11,0.139,0.057,0.108,0.005
1999,12,0.154,0.057,0.108,0.005
2000,1,0.139,0.057,0.108,0.006
2000,2,0.107,0.057,0.108,0.007
2000,3,0.109,0.058,0.108,0.007
2000,4,0.094,0.058,0.108,0.008
2000,5,0.158,0.058,0.108,0.008
2000,6,0.120,0.059,0.108,0.009
2000,7,0.160,0.059,0.108,0.010
2000,8,0.144,0.059,0.108,0.010
2000,9,0.129,0.060,0.109,0.011
2000,10,0.148,0.060,0.109,0.011
2000,11,0.132,0.060,0.109,0.012
2000,12,0.139,0.061,0.109,0.012
2001,1,0.143,0.061,0.109,0.013
2001,2,0.140,0.061,0.109,0.014
2001,3,0.098,0.061,0.109,0.014
2001,4,0.108,0.062,0.109,0.015
2001,5,0.107,0.062,0.109,0.015
2001,6,0.144,0.062,0.109,0.016
2001,7,0.082,0.063,0.109,0.016
2001,8,0.088,0.063,0.109,0.017
2001,9,0.059,0.063,0.109,0.017
2001,10,0.064,0.064,0.109,0.018
2001,11,0.126,0.064,0.109,0.019
2001,12,0.095,0.064,0.109,0.019
2002,1,0.062,0.065,0.109,0.020
2002,2,0.064,0.065,0.110,0.020
2002,3,0.087,0.065,0.110,0.021
2002,4,0.094,0.065,0.110,0.021
2002,5,0.095,0.066,0.110,0.022
2002,6,0.136,0.066,0.110,0.022
2002,7,0.116,0.066,0.110,0.023
2002,8,0.086,0.067,0.110,0.023
2002,9,-0.002,0.067,0.110,0.024
2002,10,-0.034,0.067,0.110,0.024
2002,11,-0.034,0.068,0.110,0.025
2002,12,-0.139,0.068,0.111,0.025
2003,1,-0.005,0.068,0.111,0.026
2003,2,0.009,0.069,0.111,0.026
2003,3,-0.066,0.069,0.111,0.027
2003,4,-0.092,0.069,0.111,0.027
2003,5,0.093,0.069,0.111,0.028
2003,6,0.032,0.070,0.111,0.028
2003,7,0.055,0.070,0.111,0.029
2003,8,0.134,0.070,0.112,0.029
2003,9,0.125,0.071,0.112,0.030
2003,10,0.116,0.071,0.112,0.030
2003,11,0.098,0.071,0.112,0.031
2003,12,0.090,0.072,0.112,0.031
2004,1,0.076,0.072,0.112,0.031
2004,2,0.084,0.072,0.113,0.032
2004,3,0.124,0.073,0.113,0.032
2004,4,0.138,0.073,0.113,0.033
2004,5,0.132,0.073,0.113,0.033
2004,6,,0.073,0.113,0.034
2004,7,,0.074,0.113,0.034
2004,8,,0.074,0.114,0.035
2004,9,,0.074,0.114,0.035
2004,10,0.030,0.075,0.114,0.035
2004,11,0.024,0.075,0.114,0.036
2004,12,-0.015,0.075,0.114,0.036
2005,1,-0.031,0.076,0.115,0.037
2005,2,-0.098,0.076,0.115,0.037
2005,3,0.011,0.076,0.115,0.037
2005,4,0.116,0.077,0.115,0.038
2005,5,0.136,0.077,0.116,0.038
2005,6,0.138,0.077,0.116,0.038
2005,7,0.132,0.077,0.116,0.039
2005,8,0.096,0.078,0.116,0.039
2005,9,0.078,0.078,0.117,0.040
2005,10,0.143,0.078,0.117,0.040
2005,11,0.143,0.079,0.117,0.040
2005,12,0.159,0.079,0.117,0.041
2006,1,0.148,0.079,0.118,0.041
2006,2,0.138,0.080,0.118,0.041
2006,3,0.180,0.080,0.118,0.042
2006,4,0.181,0.080,0.118,0.042
2006,5,0.192,0.080,0.119,0.042
2006,6,0.165,0.081,0.119,0.043
2006,7,0.149,0.081,0.119,0.043
2006,8,0.092,0.081,0.120,0.043
2006,9,0.135,0.082,0.120,0.044
2006,10,0.110,0.082,0.120,0.044
2006,11,0.090,0.082,0.121,0.044
2006,12,0.122,0.083,0.121,0.044
2007,1,0.070,0.083,0.121,0.045
2007,2,0.088,0.083,0.122,0.045
2007,3,0.023,0.084,0.122,0.045
2007,4,0.035,0.084,0.122,0.046
2007,5,0.084,0.084,0.123,0.046
2007,6,0.126,0.084,0.123,0.046
2007,7,0.156,0.085,0.123,0.046
2007,8,0.153,0.085,0.124,0.047
2007,9,0.127,0.085,0.124,0.047
2007,10,0.163,0.086,0.124,0.047
2007,11,0.195,0.086,0.125,0.047
2007,12,0.227,0.086,0.125,0.047
2008,1,0.200,0.087,0.126,0.048
2008,2,0.227,0.087,0.126,0.048
2008,3,0.228,0.087,0.126,0.048
2008,4,0.218,0.088,0.127,0.048
2008,5,0.200,0.088,0.127,0.049
2008,6,0.201,0.088,0.128,0.049
2008,7,0.156,0.088,0.128,0.049
2008,8,0.185,0.089,0.128,0.049
2008,9,0.191,0.089,0.129,0.049
2008,10,0.214,0.089,0.129,0.050
2008,11,0.238,0.090,0.130,0.050
2008,12,0.248,0.090,0.130,0.050
2009,1,0.243,0.090,0.131,0.050
2009,2,0.242,0.091,0.131,0.050
2009,3,0.200,0.091,0.131,0.050
2009,4,0.168,0.091,0.132,0.051
2009,5,0.138,0.092,0.132,0.051
2009,6,0.117,0.092,0.133,0.051
2009,7,0.127,0.092,0.133,0.051
2009,8,0.084,0.092,0.134,0.051
2009,9,0.083,0.093,0.134,0.051
2009,10,0.066,0.093,0.135,0.051
2009,11,0.062,0.093,0.135,0.052
2009,12,0.086,0.094,0.136,0.052
2010,1,0.078,0.094,0.136,0.052
2010,2,0.074,0.094,0.137,0.052
2010,3,0.083,0.095,0.137,0.052
2010,4,0.042,0.095,0.138,0.052
2010,5,0.066,0.095,0.138,0.052
2010,6,0.065,0.096,0.139,0.052
2010,7,0.086,0.096,0.139,0.053
2010,8,0.109,0.096,0.140,0.053
2010,9,0.147,0.096,0.140,0.053
2010,10,0.187,0.097,0.141,0.053
2010,11,0.167,0.097,0.141,0.053
2010,12,0.218,0.097,0.142,0.053
2011,1,0.192,0.098,0.142,0.053
2011,2,,0.098,0.143,0.053
2011,3,0.123,0.098,0.143,0.053
2011,4,,0.099,0.144,0.053
2011,5,,0.099,0.144,0.053
2011,6,,0.099,0.145,0.054
2011,7,,0.100,0.145,0.054
2011,8,0.127,0.100,0.146,0.054
2011,9,0.121,0.100,0.147,0.054
2011,10,0.174,0.100,0.147,0.054
2011,11,0.152,0.101,0.148,0.054
2011,12,0.141,0.101,0.148,0.054
2012,1,0.197,0.101,0.149,0.054
2012,2,0.230,0.102,0.149,0.054
2012,3,0.245,0.102,0.150,0.054
2012,4,0.191,0.102,0.150,0.054
2012,5,0.186,0.103,0.151,0.054
2012,6,0.146,0.103,0.152,0.054
2012,7,0.152,0.103,0.152,0.054
2012,8,0.143,0.103,0.153,0.054
2012,9,0.186,0.104,0.153,0.054
2012,10,0.095,0.104,0.154,0.054
2012,11,0.177,0.104,0.154,0.054
2012,12,0.214,0.105,0.155,0.054
2013,1,0.210,0.105,0.156,0.054
2013,2,0.203,0.105,0.156,0.054
2013,3,0.166,0.106,0.157,0.054
2013,4,0.169,0.106,0.157,0.054
2013,5,0.164,0.106,0.158,0.054
2013,6,0.184,0.107,0.159,0.054
2013,7,0.194,0.107,0.159,0.054
2013,8,0.207,0.107,0.160,0.055
2013,9,0.187,0.107,0.160,0.055
2013,10,0.141,0.108,0.161,0.055
2013,11,0.176,0.108,0.162,0.055
2013,12,0.168,0.108,0.162,0.055
2014,1,0.174,0.109,0.163,0.055
2014,2,0.166,0.109,0.163,0.055
2014,3,0.089,0.109,0.164,0.055
2014,4,0.142,0.110,0.165,0.055
2014,5,0.084,0.110,0.165,0.055
2014,6,0.158,0.110,0.166,0.055
2014,7,0.096,0.111,0.167,0.055
2014,8,0.016,0.111,0.167,0.055
2014,9,0.051,0.111,0.168,0.054
2014,10,-0.003,0.111,0.168,0.054
2014,11,0.034,0.112,0.169,0.054
2014,12,0.095,0.112,0.170,0.054
2015,1,0.097,0.112,0.170,0.054
2015,2,0.059,0.113,0.171,0.054
2015,3,0.022,0.113,0.172,0.054
2015,4,-0.050,0.113,0.172,0.054
2015,5,0.010,0.114,0.173,0.054
2015,6,0.041,0.114,0.173,0.054
2015,7,0.031,0.114,0.174,0.054
2015,8,-0.116,0.115,0.175,0.054
2015,9,-0.059,0.115,0.175,0.054
2015,10,-0.135,0.115,0.176,0.054
2015,11,-0.044,0.115,0.177,0.054
2015,12,-0.090,0.116,0.177,0.054
2016,1,-0.096,0.116,0.178,0.054
2016,2,-0.041,0.116,0.179,0.054
2016,3,-0.059,0.117,0.179,0.054
2016,4,-0.068,0.117,0.180,0.054
2016,5,0.005,0.117,0.181,0.054
2016,6,0.041,0.118,0.181,0.054
2016,7,0.024,0.118,0.182,0.054
2016,8,0.075,0.118,0.183,0.054
2016,9,0.069,0.119,0.183,0.054
2016,10,0.130,0.119,0.184,0.054
2016,11,0.119,0.119,0.184,0.054
2016,12,0.104,0.119,0.185,0.054
2017,1,0.113,0.120,0.186,0.054
2017,2,0.094,0.120,0.186,0.054
2017,3,0.100,0.120,0.187,0.054
2017,4,0.115,0.121,0.188,0.054
2017,5,0.151,0.121,0.188,0.053
2017,6,0.135,0.121,0.189,0.053
2017,7,0.138,0.122,0.190,0.053
2017,8,0.222,0.122,0.190,0.053
2017,9,0.182,0.122,0.191,0.053
2017,10,0.179,0.122,0.192,0.053
2017,11,0.164,0.123,0.192,0.053
2017,12,0.194,0.123,0.193,0.053
2018,1,0.195,0.123,0.194,0.053
2018,2,0.188,0.124,0.194,0.053
2018,3,0.196,0.124,0.195,0.053
2018,4,0.149,0.124,0.196,0.053
2018,5,0.089,0.125,0.196,0.053
2018,6,0.070,0.125,0.197,0.053
2018,7,0.055,0.125,0.198,0.053
2018,8,0.057,0.126,0.198,0.053
2018,9,0.054,0.126,0.199,0.053
2018,10,-0.026,0.126,0.200,0.053
2018,11,-0.055,0.126,0.200,0.052
2018,12,-0.005,0.127,0.201,0.052